{"stats":{"minecraft:killed_by":{"mobs_of_mythology:kobold_warrior":1,"minecraft:guardian":1},"minecraft:picked_up":{"minecraft:fishing_rod":1,"minecraft:iron_chestplate":1,"minecraft:crafting_table":3,"minecraft:suspicious_stew":3,"minecraft:prismarine_shard":16,"endrem:corrupted_eye":1,"minecraft:diamond_sword":1,"regions_unexplored:silt_dirt":8,"mobs_of_mythology:kobold_spear":5,"minecraft:gold_block":1,"minecraft:potion":2,"minecraft:yellow_candle":3,"minecraft:brick":4,"minecraft:shield":5,"minecraft:golden_sword":2,"minecraft:string":21,"mutantmonsters:mutant_skeleton_skull":3,"minecraft:cooked_salmon":9,"minecraft:compass":3,"indrev:module_color_yellow":3,"minecraft:deepslate_tiles":6,"simplyswords:runic_tablet":1,"regions_unexplored:pine_log":2,"minecraft:chest":1,"minecraft:sugar_cane":4,"minecraft:stick":6,"minecraft:sandstone":20,"minecraft:raw_gold_block":1,"minecraft:torch":5,"minecraft:green_bed":5,"ironchests:blank_chest_upgrade":3,"minecraft:porkchop":2,"minecraft:carrot":1,"regions_unexplored:daisy":3,"minecraft:prismarine_crystals":5,"minecraft:golden_chestplate":2,"minecraft:dark_oak_planks":6,"minecraft:tnt":14,"regions_unexplored:mauve_sapling":5,"minecraft:arrow":9,"minecraft:rotten_flesh":35,"regions_unexplored:mauve_log":7,"minecraft:deepslate_bricks":16,"minecraft:hay_block":37,"minecraft:stripped_dark_oak_wood":8,"mutantmonsters:mutant_skeleton_rib":4,"minecraft:saddle":3,"minecraft:gold_ingot":1,"minecraft:cod":6,"minecraft:cobblestone":91,"minecraft:birch_log":43,"regions_unexplored:peat_dirt":2,"minecraft:cut_sandstone":46,"minecraft:leather":11,"oceansdelight:guardian":36,"minecraft:prismarine_bricks":9,"mutantmonsters:mutant_skeleton_limb":16,"minecraft:dirt":5,"artifacts:flippers":1,"minecraft:orange_terracotta":1,"naturalist:bass":1,"regions_unexplored:aster":1,"minecraft:bone":2,"travelersbackpack:backpack_tank":2,"ftbquests:book":1,"minecraft:heart_of_the_sea":3,"minecraft:iron_ingot":10,"minecraft:oak_planks":1,"twigs:twig":1,"minecraft:oxidized_cut_copper":8,"minecraft:prismarine":16,"simplyswords:gold_katana":1,"regions_unexplored:pine_planks":128,"regions_unexplored:baobab_planks":1,"regions_unexplored:baobab_boat":3,"minecraft:sand":50,"bewitchment:salt":5,"minecraft:soul_torch":2,"archers:heavy_crossbow":1,"minecraft:dark_prismarine":4,"regions_unexplored:hyssop":1,"minecraft:blue_terracotta":2,"minecraft:prismarine_wall":1,"regions_unexplored:fireweed":2,"archon:rumble_tome":3,"minecraft:emerald":7,"minecraft:chainmail_helmet":1,"minecraft:black_wool":6,"minecraft:coal":28,"regions_unexplored:baobab_log":10,"minecraft:diamond_pickaxe":2,"minecraft:ender_pearl":3},"minecraft:custom":{"lootr:looted_stat":79,"minecraft:mob_kills":58,"minecraft:interact_with_crafting_table":15,"minecraft:damage_dealt_resisted":0,"minecraft:eat_cake_slice":3,"minecraft:leave_game":2,"minecraft:time_since_death":148174,"minecraft:climb_one_cm":5216,"minecraft:damage_resisted":0,"minecraft:sprint_one_cm":396354,"minecraft:walk_one_cm":365335,"minecraft:damage_blocked_by_shield":23,"minecraft:drop":90,"minecraft:talked_to_villager":1,"minecraft:target_hit":7,"minecraft:play_time":174491,"minecraft:deaths":2,"minecraft:sneak_time":6628,"minecraft:walk_under_water_one_cm":58190,"minecraft:boat_one_cm":96388,"minecraft:interact_with_brewingstand":1,"minecraft:jump":3476,"minecraft:walk_on_water_one_cm":49379,"minecraft:total_world_time":174491,"minecraft:interact_with_furnace":9,"minecraft:interact_with_cartography_table":1,"minecraft:sleep_in_bed":5,"minecraft:hex":0,"minecraft:time_since_rest":3531,"minecraft:damage_taken":5985,"minecraft:damage_absorbed":40,"minecraft:damage_dealt":13669,"minecraft:swim_one_cm":108442,"minecraft:fly_one_cm":725633,"minecraft:open_chest":15,"minecraft:crouch_one_cm":31542,"minecraft:interact_with_smoker":1,"minecraft:fall_one_cm":89375},"minecraft:crafted":{"regions_unexplored:baobab_planks":40,"comforts:sleeping_bag_white":1,"minecraft:furnace":1,"regions_unexplored:mauve_planks":28,"minecraft:iron_axe":1,"minecraft:stone_pickaxe":1,"minecraft:dark_oak_planks":32,"minecraft:crafting_table":3,"travelersbackpack:standard":1,"minecraft:wooden_pickaxe":1,"minecraft:cooked_salmon":3,"minecraft:birch_planks":172,"minecraft:bread":4,"minecraft:air":0,"regions_unexplored:baobab_boat":1,"regions_unexplored:pine_planks":8,"minecraft:white_wool":3,"minecraft:diamond_pickaxe":1,"minecraft:stick":4,"minecraft:gold_ingot":9},"minecraft:broken":{"minecraft:stone_pickaxe":1},"minecraft:mined":{"minecraft:dark_oak_planks":2,"minecraft:deepslate_tiles":6,"minecraft:dark_prismarine":4,"minecraft:stone_pressure_plate":1,"minecraft:spruce_planks":2,"minecraft:prismarine_wall":1,"minecraft:jungle_leaves":1,"minecraft:spruce_trapdoor":1,"regions_unexplored:baobab_planks":4,"minecraft:stone_brick_wall":1,"minecraft:yellow_candle":1,"minecraft:grass_block":7,"minecraft:decorated_pot":1,"regions_unexplored:stone_grass_block":5,"regions_unexplored:aster":1,"minecraft:deepslate_bricks":9,"regions_unexplored:elephant_ear":1,"minecraft:sandstone":32,"minecraft:spawner":3,"minecraft:hay_block":37,"regions_unexplored:baobab_log":8,"minecraft:oxidized_cut_copper":9,"minecraft:magma_block":2,"minecraft:raw_gold_block":1,"treechop:chopped_log":10,"minecraft:stripped_dark_oak_wood":8,"minecraft:gold_block":1,"minecraft:deepslate_iron_ore":2,"bewitchment:salt_ore":3,"regions_unexplored:medium_grass":3,"minecraft:stone":23,"regions_unexplored:silt_grass_block":6,"minecraft:green_bed":6,"minecraft:jungle_trapdoor":2,"minecraft:cut_sandstone":4,"minecraft:scaffolding":4,"minecraft:infested_stone_bricks":1,"minecraft:orange_terracotta":2,"minecraft:crafting_table":2,"regions_unexplored:peat_grass_block":2,"regions_unexplored:silt_dirt":2,"regions_unexplored:small_desert_shrub":1,"minecraft:chest":1,"minecraft:tall_grass":3,"minecraft:copper_ore":1,"minecraft:cobblestone":11,"regions_unexplored:mauve_log":1,"minecraft:prismarine":14,"minecraft:oak_planks":1,"regions_unexplored:pine_log":1,"minecraft:prismarine_bricks":9,"minecraft:chain":1,"regions_unexplored:hyssop":1,"minecraft:coarse_dirt":1,"minecraft:blue_terracotta":2,"minecraft:dark_oak_slab":1,"regions_unexplored:steppe_shrub":2,"mutantmonsters:mutant_skeleton_skull":1,"minecraft:tnt":14,"minecraft:black_wool":8,"minecraft:grass":13,"minecraft:dirt":2,"minecraft:sand":31,"minecraft:cobweb":2,"regions_unexplored:blackwood_leaves":6,"promenade:blueberry_bush":1,"minecraft:netherrack":5,"minecraft:fern":1,"regions_unexplored:tassel":1},"minecraft:used":{"regions_unexplored:silt_dirt":8,"minecraft:stone_sword":58,"minecraft:shield":2,"minecraft:cooked_salmon":19,"minecraft:oxidized_cut_copper":8,"minecraft:torch":5,"minecraft:dirt":5,"minecraft:prismarine_bricks":9,"regions_unexplored:baobab_boat":3,"minecraft:dark_oak_planks":31,"mobs_of_mythology:kobold_spear":64,"minecraft:iron_axe":70,"simplyswords:stars_edge":138,"minecraft:bow":8,"minecraft:furnace":1,"minecraft:beetroot_soup":1,"minecraft:water_bucket":193,"minecraft:birch_planks":47,"minecraft:prismarine":16,"minecraft:stone_pickaxe":134,"minecraft:wooden_pickaxe":24,"minecraft:sandstone":1,"minecraft:cut_sandstone":8,"minecraft:green_bed":4,"minecraft:deepslate_bricks":8,"minecraft:golden_apple":1,"minecraft:sand":15,"minecraft:crafting_table":4,"minecraft:cod":6,"regions_unexplored:mauve_planks":19,"mutantmonsters:mutant_skeleton_skull":1,"minecraft:dark_prismarine":4,"minecraft:diamond_pickaxe":78,"spellbladenext:frost_blade":3,"regions_unexplored:baobab_planks":32,"minecraft:bread":32,"minecraft:diamond_sword":26,"minecraft:cobblestone":48,"travelersbackpack:standard":5,"minecraft:bucket":193,"regions_unexplored:pine_planks":128},"minecraft:killed":{"graveyard:skeleton_creeper":1,"minecraft:spider":3,"promenade:sunken_skeleton":2,"naturalist:boar":3,"minecraft:skeleton":2,"minecraft:guardian":10,"naturalist:bass":1,"bewitchment:werewolf":1,"minecraft:husk":20,"naturalist:bear":1,"naturalist:butterfly":1,"mutantmonsters:mutant_skeleton":1,"minecraft:zombie":6,"mobs_of_mythology:kobold_warrior":3,"minecraft:enderman":1},"minecraft:dropped":{"minecraft:iron_ingot":10,"indrev:module_color_yellow":2,"ironchests:blank_chest_upgrade":2,"minecraft:golden_helmet":1,"minecraft:baked_potato":4,"jewelry:jade_necklace":1,"minecraft:cobblestone":30,"minecraft:leather":4,"mobs_of_mythology:kobold_spear":4,"minecraft:saddle":2,"artifacts:flippers":1,"minecraft:coal":28,"regions_unexplored:daisy":2,"minecraft:stick":9,"minecraft:emerald":3,"minecraft:blue_dye":4,"naturalist:bass":1,"minecraft:melon_slice":2,"minecraft:cut_sandstone":38,"minecraft:potion":4,"minecraft:heart_of_the_sea":2,"jewelry:tanzanite_ring":1,"minecraft:sand":1,"minecraft:dark_oak_planks":6,"minecraft:string":10,"ftbquests:book":1,"oceansdelight:guardian":12,"minecraft:gold_ingot":1,"minecraft:compass":2,"minecraft:soul_torch":2,"minecraft:stone_sword":1,"minecraft:wheat":2,"minecraft:rotten_flesh":12,"artifacts:villager_hat":1,"minecraft:carrot":1,"minecraft:suspicious_stew":2,"minecraft:deepslate_bricks":8,"regions_unexplored:peat_dirt":2,"minecraft:deepslate_tiles":6,"minecraft:leather_chestplate":1,"minecraft:shield":4,"simplyswords:gold_katana":1,"techreborn:advanced_circuit":3,"mutantmonsters:mutant_skeleton_limb":8,"minecraft:diamond_pickaxe":2,"archon:rumble_tome":2,"minecraft:golden_sword":2,"minecraft:sandstone":19,"minecraft:arrow":9,"minecraft:wooden_pickaxe":1,"minecraft:brick":4,"mutantmonsters:mutant_skeleton_skull":2}},"DataVersion":3465}