{"stats":{"minecraft:picked_up":{"minecraft:fishing_rod":1,"minecraft:crafting_table":3,"minecraft:flower_pot":1,"minecraft:anvil":1,"minecraft:prismarine_shard":16,"minecraft:smithing_table":1,"minecraft:wooden_pickaxe":1,"regions_unexplored:silt_dirt":1,"minecraft:gold_block":3,"minecraft:potion":1,"minecraft:jungle_trapdoor":3,"minecraft:string":4,"mutantmonsters:mutant_skeleton_skull":1,"minecraft:flint_and_steel":1,"simplyswords:runic_tablet":1,"regions_unexplored:pine_log":33,"minecraft:sugar_cane":6,"minecraft:chest":2,"minecraft:spruce_trapdoor":1,"minecraft:furnace":1,"minecraft:stick":2,"minecraft:sandstone":17,"minecraft:raw_gold_block":2,"minecraft:green_bed":6,"minecraft:acacia_log":4,"ironchests:blank_chest_upgrade":1,"minecraft:spruce_fence":1,"minecraft:fire_charge":2,"minecraft:porkchop":6,"soulsweapons:soul_robes_leggings":1,"minecraft:carrot":36,"minecraft:prismarine_crystals":5,"minecraft:dark_oak_planks":3,"bewitchment:garlic":1,"minecraft:arrow":3,"minecraft:rotten_flesh":31,"artifacts:villager_hat":1,"minecraft:jungle_stairs":1,"graveyard:gray_urn":1,"minecraft:blue_dye":4,"minecraft:stripped_dark_oak_wood":2,"mutantmonsters:mutant_skeleton_rib":1,"minecraft:gold_ingot":2,"more_armor_trims:nihility_armor_trim_smithing_template":1,"mutantmonsters:mutant_skeleton_shoulder_pad":1,"minecraft:cod":8,"minecraft:cobblestone":61,"regions_unexplored:peat_dirt":5,"minecraft:cut_sandstone":11,"minecraft:leather":5,"oceansdelight:guardian":19,"minecraft:oak_log":6,"minecraft:deepslate_tile_slab":1,"mutantmonsters:mutant_skeleton_limb":4,"minecraft:dirt":43,"minecraft:lantern":1,"minecraft:orange_terracotta":2,"minecraft:bone":14,"travelersbackpack:backpack_tank":2,"soulsweapons:lost_soul":2,"minecraft:wheat_seeds":1,"minecraft:raw_gold":1,"minecraft:cobbled_deepslate_slab":2,"minecraft:cobweb":3,"jewelry:tanzanite_ring":1,"twigs:twig":1,"minecraft:prismarine":8,"minecraft:oxidized_cut_copper":1,"minecraft:polished_andesite_stairs":1,"regions_unexplored:palm_sapling":1,"minecraft:cooked_porkchop":2,"regions_unexplored:pine_sapling":4,"minecraft:gravel":1,"bewitchment:belladonna_seeds":1,"minecraft:sand":8,"minecraft:amethyst_shard":34,"minecraft:grass_block":2,"regions_unexplored:palm_log":8,"archers:heavy_crossbow":1,"minecraft:spider_eye":1,"minecraft:dark_prismarine":5,"minecraft:dead_fire_coral":1,"minecraft:stripped_acacia_log":2,"techreborn:advanced_circuit":3,"minecraft:emerald":3,"minecraft:damaged_anvil":1,"minecraft:netherrack":2,"minecraft:coal":14,"minecraft:ender_pearl":2,"minecraft:diamond_pickaxe":1},"minecraft:killed_by":{"minecraft:player":1,"soulsweapons:draugr_boss":2},"minecraft:broken":{"mutantmonsters:mutant_skeleton_skull":1,"minecraft:golden_boots":1,"minecraft:golden_leggings":1,"minecraft:shield":1},"minecraft:dropped":{"minecraft:porkchop":3,"minecraft:ender_pearl":1,"minecraft:crafting_table":1,"paladins:golden_claymore":1,"minecraft:cobblestone":22,"minecraft:leather":7,"techreborn:steel_ingot":1,"regions_unexplored:pine_sapling":4,"minecraft:grass_block":2,"minecraft:stick":6,"minecraft:dirt":17,"minecraft:blue_dye":4,"minecraft:torch":4,"endrem:corrupted_eye":1,"minecraft:cooked_salmon":9,"minecraft:fire_charge":2,"techreborn:refined_iron_ingot":1,"minecraft:string":9,"minecraft:fishing_rod":1,"ftbquests:book":1,"minecraft:acacia_planks":1,"minecraft:gold_ingot":1,"techreborn:silver_ingot":1,"simplyswords:runic_tablet":1,"regions_unexplored:pine_planks":132,"minecraft:iron_nugget":1,"minecraft:stone_sword":1,"minecraft:green_bed":1,"minecraft:rotten_flesh":39,"archers:heavy_crossbow":1,"minecraft:damaged_anvil":1,"minecraft:jungle_trapdoor":3,"minecraft:flint_and_steel":1,"minecraft:filled_map":1,"minecraft:diamond_sword":1,"minecraft:leather_chestplate":2,"regions_unexplored:peat_dirt":2,"minecraft:flower_pot":1,"minecraft:spruce_trapdoor":1,"simplyswords:gold_katana":1,"minecraft:diamond_pickaxe":1,"minecraft:iron_chestplate":1,"minecraft:jungle_stairs":1,"minecraft:dead_fire_coral":1,"minecraft:spider_eye":1,"minecraft:sandstone":2,"minecraft:arrow":3,"minecraft:nautilus_shell":1,"mutantmonsters:mutant_skeleton_rib":1},"minecraft:killed":{"minecraft:witch":1,"minecraft:spider":3,"promenade:sunken_skeleton":4,"soulsweapons:dark_sorcerer":2,"bewitchment:ghost":1,"naturalist:boar":3,"minecraft:skeleton":9,"derelict:spiderling":1,"minecraft:guardian":30,"minecraft:drowned":1,"minecraft:husk":17,"mutantmonsters:creeper_minion":2,"minecraft:zombie":11,"mobs_of_mythology:kobold_warrior":2,"mutantmonsters:mutant_creeper":1,"minecraft:player":1,"minecraft:enderman":4},"minecraft:custom":{"minecraft:interact_with_smithing_table":7,"lootr:looted_stat":91,"minecraft:mob_kills":93,"minecraft:interact_with_crafting_table":24,"minecraft:damage_dealt_resisted":0,"minecraft:eat_cake_slice":5,"minecraft:leave_game":8,"minecraft:time_since_death":78196,"minecraft:damage_resisted":368,"minecraft:climb_one_cm":2684,"minecraft:sprint_one_cm":443016,"minecraft:walk_one_cm":426002,"minecraft:damage_blocked_by_shield":2579,"minecraft:drop":83,"minecraft:play_time":234019,"minecraft:sneak_time":4402,"minecraft:deaths":4,"minecraft:walk_under_water_one_cm":91574,"minecraft:boat_one_cm":99356,"minecraft:jump":2480,"minecraft:interact_with_brewingstand":1,"minecraft:walk_on_water_one_cm":54559,"minecraft:total_world_time":234019,"minecraft:interact_with_furnace":8,"minecraft:interact_with_cartography_table":1,"minecraft:sleep_in_bed":6,"minecraft:hex":0,"minecraft:time_since_rest":12405,"minecraft:damage_taken":10979,"minecraft:damage_absorbed":40,"minecraft:damage_dealt":26955,"minecraft:swim_one_cm":198875,"minecraft:fly_one_cm":480240,"minecraft:open_chest":11,"minecraft:crouch_one_cm":20035,"minecraft:interact_with_smoker":4,"minecraft:fall_one_cm":71355,"minecraft:horse_one_cm":131355},"minecraft:mined":{"minecraft:dark_oak_planks":4,"minecraft:dark_prismarine":5,"graveyard:gray_urn":1,"farmersdelight:wild_carrots":4,"minecraft:cobbled_deepslate_slab":2,"minecraft:spruce_fence":1,"minecraft:grass_block":24,"minecraft:spruce_leaves":1,"minecraft:sandstone":8,"minecraft:spawner":4,"graveyard:wither_skull_with_rib_cage":1,"minecraft:furnace":1,"minecraft:carrots":8,"minecraft:raw_gold_block":2,"minecraft:chiseled_sandstone":2,"graveyard:leaning_wither_skeleton":1,"treechop:chopped_log":5,"minecraft:anvil":1,"minecraft:stripped_dark_oak_wood":2,"minecraft:gold_block":3,"minecraft:polished_deepslate_slab":2,"minecraft:stripped_acacia_log":3,"regions_unexplored:medium_grass":2,"ae2:sky_stone_block":1,"minecraft:stone":40,"regions_unexplored:silt_grass_block":1,"minecraft:green_bed":4,"minecraft:jungle_trapdoor":3,"minecraft:smithing_table":1,"minecraft:cut_sandstone":12,"minecraft:deepslate_tile_slab":1,"minecraft:orange_terracotta":1,"minecraft:crafting_table":3,"minecraft:jungle_stairs":1,"regions_unexplored:peat_grass_block":3,"minecraft:polished_andesite_stairs":1,"minecraft:chest":2,"minecraft:tall_grass":1,"minecraft:cobblestone":12,"minecraft:sugar_cane":2,"minecraft:prismarine":11,"minecraft:oak_planks":1,"minecraft:damaged_anvil":1,"minecraft:blue_terracotta":1,"minecraft:grass":9,"minecraft:oak_log":6,"minecraft:beetroots":1,"regions_unexplored:peat_dirt":1,"minecraft:flower_pot":1,"minecraft:gravel":1,"minecraft:sand":6,"minecraft:dirt":9,"minecraft:cobweb":2,"regions_unexplored:blackwood_leaves":7,"minecraft:netherrack":2,"minecraft:gold_ore":1,"regions_unexplored:peat_podzol":1,"minecraft:fern":1},"minecraft:used":{"minecraft:stone_sword":13,"minecraft:chest":3,"minecraft:shield":27,"minecraft:cooked_salmon":8,"minecraft:rotten_flesh":29,"minecraft:iron_chestplate":2,"minecraft:oxidized_cut_copper":1,"minecraft:dirt":15,"minecraft:carrot":18,"minecraft:deepslate_tile_slab":1,"minecraft:dark_oak_planks":11,"minecraft:lantern":1,"minecraft:iron_axe":61,"beachparty:swim_wings":2,"minecraft:iron_helmet":2,"supplementaries:bomb_blue":1,"minecraft:golden_carrot":1,"minecraft:acacia_planks":8,"minecraft:orange_terracotta":1,"minecraft:iron_leggings":1,"minecraft:golden_boots":1,"minecraft:acacia_boat":1,"minecraft:water_bucket":172,"minecraft:prismarine":17,"minecraft:wooden_pickaxe":29,"minecraft:sandstone":15,"minecraft:cut_sandstone":11,"minecraft:green_bed":4,"minecraft:salmon":11,"simplyswords:molten_edge":280,"minecraft:golden_apple":1,"minecraft:sand":8,"minecraft:crafting_table":3,"minecraft:cod":29,"minecraft:dark_prismarine":4,"minecraft:diamond_pickaxe":5,"regions_unexplored:palm_planks":8,"minecraft:bread":41,"minecraft:map":1,"minecraft:iron_pickaxe":63,"minecraft:gravel":1,"minecraft:golden_leggings":1,"minecraft:stone_axe":1,"minecraft:fishing_rod":1,"minecraft:diamond_sword":2,"minecraft:cobblestone":37,"minecraft:smithing_table":1,"minecraft:porkchop":3,"minecraft:cooked_porkchop":2,"minecraft:bucket":172,"minecraft:experience_bottle":3,"minecraft:golden_pickaxe":32},"minecraft:crafted":{"minecraft:oak_planks":24,"travelersbackpack:crafting_upgrade":1,"comforts:sleeping_bag_white":1,"travelersbackpack:gold_tier_upgrade":1,"travelersbackpack:blank_upgrade":4,"minecraft:chest":4,"minecraft:dark_oak_planks":8,"travelersbackpack:diamond_tier_upgrade":1,"regions_unexplored:palm_planks":32,"travelersbackpack:iron_tier_upgrade":1,"minecraft:crafting_table":4,"travelersbackpack:standard":4,"minecraft:smithing_table":1,"minecraft:cooked_salmon":17,"minecraft:stone_axe":1,"minecraft:acacia_boat":1,"minecraft:air":0,"regions_unexplored:pine_planks":132,"minecraft:white_wool":3,"minecraft:stick":2,"minecraft:iron_pickaxe":1,"minecraft:acacia_planks":24,"minecraft:torch":4}},"DataVersion":3465}